,Rk,Squad,MP,W,D,L,GF,GA,GD,Pts,Pts/MP,xG,xGA,xGD,xGD/90,Attendance,Top Team Scorer,Season
0,1,Manchester City,37,27,7,3,93,33,60,88,2.38,78.6,35.2,43.4,1.17,52896,Erling Haaland - 27,2024
1,2,Arsenal,37,27,5,5,89,28,61,86,2.32,73.2,27.3,45.9,1.24,60232,Bukayo Saka - 16,2024
2,3,Liverpool,37,23,10,4,84,41,43,79,2.14,83.3,45.3,38.0,1.03,55753,Mohamed Salah - 18,2024
3,4,Aston Villa,37,20,8,9,76,56,20,68,1.84,62.5,57.4,5.1,0.14,41858,Ollie Watkins - 19,2024
4,5,Tottenham,37,19,6,12,71,61,10,63,1.7,65.1,62.4,2.6,0.07,61482,Son Heung-min - 17,2024
5,6,Chelsea,37,17,9,11,75,62,13,60,1.62,73.3,55.7,17.6,0.47,39513,Cole Palmer - 22,2024
6,7,Newcastle Utd,37,17,6,14,81,60,21,57,1.54,72.8,60.2,12.5,0.34,52125,Alexander Isak - 20,2024
7,8,Manchester Utd,37,17,6,14,55,58,-3,57,1.54,55.1,67.3,-12.2,-0.33,69660,Bruno Fernandes - 10,2024
8,9,West Ham,37,14,10,13,59,71,-12,52,1.41,52.0,69.2,-17.2,-0.47,62567,Jarrod Bowen - 16,2024
9,10,Brighton,37,12,12,13,55,60,-5,48,1.3,54.9,54.1,0.9,0.02,32693,João Pedro - 9,2024
10,11,Bournemouth,37,13,9,15,53,65,-12,48,1.3,53.7,57.0,-3.2,-0.09,11103,Dominic Solanke - 19,2024
11,12,Crystal Palace,37,12,10,15,52,58,-6,46,1.24,46.0,51.1,-5.1,-0.14,24918,Jean-Philippe Mateta - 13,2024
12,13,Wolves,37,13,7,17,50,63,-13,46,1.24,46.2,63.2,-17.0,-0.46,31029,"Hwang Hee-chan, Matheus Cunha - 12",2024
13,14,Fulham,37,12,8,17,51,59,-8,44,1.19,49.7,60.9,-11.2,-0.3,24302,Rodrigo Muniz - 9,2024
14,15,Everton,37,13,9,15,39,49,-10,42,1.14,53.4,52.3,1.1,0.03,39042,"Abdoulaye Doucouré, Dominic Calvert-Lewin - 7",2024
15,16,Brentford,37,10,9,18,54,61,-7,39,1.05,57.1,52.6,4.5,0.12,17080,Yoane Wissa - 11,2024
16,17,Nott'ham Forest,37,8,9,20,47,66,-19,29,0.78,48.3,52.0,-3.7,-0.1,29386,Chris Wood - 12,2024
17,18,Luton Town,37,6,8,23,50,81,-31,26,0.7,40.4,76.9,-36.5,-0.99,11196,"Carlton Morris, Elijah Adebayo - 10",2024
18,19,Burnley,37,5,9,23,40,76,-36,24,0.65,39.4,68.7,-29.2,-0.79,21188,Jacob Bruun Larsen - 6,2024
19,20,Sheffield Utd,37,3,7,27,35,101,-66,16,0.43,37.3,73.5,-36.3,-0.98,30061,"Oliver McBurnie, Ben Brereton - 6",2024
20,1,Manchester City,38,28,5,5,94,33,61,89,2.34,78.6,32.1,46.5,1.22,53249,Erling Haaland - 36,2023
21,2,Arsenal,38,26,6,6,88,43,45,84,2.21,71.9,42.0,29.9,0.79,60191,"Martin Ødegaard, Gabriel Martinelli - 15",2023
22,3,Manchester Utd,38,23,6,9,58,43,15,75,1.97,67.7,50.4,17.3,0.45,73671,Marcus Rashford - 17,2023
23,4,Newcastle Utd,38,19,14,5,68,33,35,71,1.87,72.0,39.6,32.4,0.85,52127,Callum Wilson - 18,2023
24,5,Liverpool,38,19,10,9,75,47,28,67,1.76,72.6,50.9,21.7,0.57,53163,Mohamed Salah - 19,2023
25,6,Brighton,38,18,8,12,72,53,19,62,1.63,73.3,50.2,23.1,0.61,31477,Alexis Mac Allister - 10,2023
26,7,Aston Villa,38,18,7,13,51,46,5,61,1.61,50.2,52.5,-2.2,-0.06,39485,Ollie Watkins - 15,2023
27,8,Tottenham,38,18,6,14,70,63,7,60,1.58,57.0,49.6,7.4,0.2,61585,Harry Kane - 30,2023
28,9,Brentford,38,15,14,9,58,46,12,59,1.55,56.7,49.9,6.8,0.18,17078,Ivan Toney - 20,2023
29,10,Fulham,38,15,7,16,55,53,2,52,1.37,46.2,63.8,-17.6,-0.46,23746,Aleksandar Mitrović - 14,2023
30,11,Crystal Palace,38,11,12,15,40,49,-9,45,1.18,39.3,48.1,-8.8,-0.23,24952,Eberechi Eze - 10,2023
31,12,Chelsea,38,11,11,16,38,47,-9,44,1.16,49.5,52.5,-3.0,-0.08,40002,Kai Havertz - 7,2023
32,13,Wolves,38,11,8,19,31,58,-27,41,1.08,36.8,59.9,-23.1,-0.61,31482,"Rúben Neves, Daniel Podence - 6",2023
33,14,West Ham,38,11,7,20,42,55,-13,40,1.05,49.2,53.0,-3.9,-0.1,62462,"Saïd Benrahma, Jarrod Bowen - 6",2023
34,15,Bournemouth,38,11,6,21,37,71,-34,39,1.03,38.6,63.9,-25.3,-0.67,10362,Philip Billing - 7,2023
35,16,Nott'ham Forest,38,9,11,18,38,68,-30,38,1.0,39.3,64.2,-24.9,-0.66,29188,Taiwo Awoniyi - 10,2023
36,17,Everton,38,8,12,18,34,57,-23,36,0.95,45.2,65.7,-20.5,-0.54,39243,Dwight McNeil - 7,2023
37,18,Leicester City,38,9,7,22,51,68,-17,34,0.89,50.6,63.4,-12.8,-0.34,31887,Harvey Barnes - 13,2023
38,19,Leeds United,38,7,10,21,48,78,-30,31,0.82,47.4,67.2,-19.8,-0.52,36566,Rodrigo - 13,2023
39,20,Southampton,38,6,7,25,36,73,-37,25,0.66,37.7,61.0,-23.3,-0.61,30440,James Ward-Prowse - 9,2023
40,1,Manchester City,38,29,6,3,99,26,73,93,2.45,88.7,24.6,64.0,1.68,52774,Kevin De Bruyne - 15,2022
41,2,Liverpool,38,28,8,2,94,26,68,92,2.42,88.7,33.8,54.9,1.45,53352,Mohamed Salah - 23,2022
42,3,Chelsea,38,21,11,6,76,33,43,74,1.95,63.4,33.2,30.1,0.79,36443,Mason Mount - 11,2022
43,4,Tottenham,38,22,5,11,69,40,29,71,1.87,61.2,39.3,21.9,0.58,56523,Son Heung-min - 23,2022
44,5,Arsenal,38,22,3,13,61,48,13,69,1.82,60.5,45.7,14.9,0.39,59665,Bukayo Saka - 11,2022
45,6,Manchester Utd,38,16,10,12,57,57,0,58,1.53,55.8,53.0,2.8,0.07,73150,Cristiano Ronaldo - 18,2022
46,7,West Ham,38,16,8,14,60,51,9,56,1.47,51.4,53.5,-2.1,-0.06,58370,Jarrod Bowen - 12,2022
47,8,Leicester City,38,14,10,14,62,59,3,52,1.37,47.8,59.3,-11.5,-0.3,32493,Jamie Vardy - 15,2022
48,9,Brighton,38,12,15,11,42,44,-2,51,1.34,46.2,42.9,3.3,0.09,30966,"Leandro Trossard, Neal Maupay - 8",2022
49,10,Wolves,38,15,6,17,38,43,-5,51,1.34,37.5,56.9,-19.4,-0.51,30841,Raúl Jiménez - 6,2022
50,11,Newcastle Utd,38,13,10,15,44,62,-18,49,1.29,38.1,57.1,-19.0,-0.5,51487,Callum Wilson - 8,2022
51,12,Crystal Palace,38,11,15,12,50,46,4,48,1.26,46.4,40.7,5.7,0.15,24588,Wilfried Zaha - 14,2022
52,13,Brentford,38,13,7,18,48,56,-8,46,1.21,45.8,48.5,-2.7,-0.07,16918,Ivan Toney - 12,2022
53,14,Aston Villa,38,13,6,19,52,54,-2,45,1.18,44.0,49.0,-4.9,-0.13,41681,Ollie Watkins - 11,2022
54,15,Southampton,38,9,13,16,43,67,-24,40,1.05,44.8,60.0,-15.2,-0.4,30134,James Ward-Prowse - 10,2022
55,16,Everton,38,11,6,21,43,66,-23,39,1.03,41.2,55.4,-14.2,-0.37,38446,Richarlison - 10,2022
56,17,Leeds United,38,9,11,18,42,79,-37,38,1.0,44.4,67.8,-23.5,-0.62,36308,Raphinha - 11,2022
57,18,Burnley,38,7,14,17,34,53,-19,35,0.92,39.7,57.1,-17.4,-0.46,19278,Maxwel Cornet - 9,2022
58,19,Watford,38,6,5,27,34,77,-43,23,0.61,40.0,64.5,-24.5,-0.64,20614,Emmanuel Dennis - 10,2022
59,20,Norwich City,38,5,7,26,23,84,-61,22,0.58,32.3,75.5,-43.2,-1.14,26836,Teemu Pukki - 11,2022
60,1,Manchester City,38,27,5,6,83,32,51,86,2.26,68.2,30.2,38.0,1.0,526,İlkay Gündoğan - 13,2021
61,2,Manchester Utd,38,21,11,6,73,44,29,74,1.95,60.1,41.4,18.6,0.49,526,Bruno Fernandes - 18,2021
62,3,Liverpool,38,20,9,9,68,42,26,69,1.82,67.5,43.0,24.5,0.65,837,Mohamed Salah - 22,2021
63,4,Chelsea,38,19,10,9,58,36,22,67,1.76,62.4,30.3,32.1,0.85,526,Jorginho - 7,2021
64,5,Leicester City,38,20,6,12,68,50,18,66,1.74,55.8,46.0,9.8,0.26,421,Jamie Vardy - 15,2021
65,6,West Ham,38,19,8,11,62,47,15,65,1.71,55.4,48.7,6.7,0.18,632,"Michail Antonio, Tomáš Souček - 10",2021
66,7,Tottenham,38,18,8,12,68,45,23,62,1.63,53.1,49.1,4.0,0.1,632,Harry Kane - 23,2021
67,8,Arsenal,38,18,7,13,55,39,16,61,1.61,51.8,43.0,8.8,0.23,632,Alexandre Lacazette - 13,2021
68,9,Leeds United,38,18,5,15,62,54,8,59,1.55,55.6,57.9,-2.2,-0.06,421,Patrick Bamford - 17,2021
69,10,Everton,38,17,8,13,47,48,-1,59,1.55,45.7,50.1,-4.5,-0.12,368,Dominic Calvert-Lewin - 16,2021
70,11,Aston Villa,38,16,7,15,55,46,9,55,1.45,52.5,51.1,1.4,0.04,526,Ollie Watkins - 14,2021
71,12,Newcastle Utd,38,12,9,17,46,62,-16,45,1.18,43.4,58.3,-14.9,-0.39,526,Callum Wilson - 12,2021
72,13,Wolves,38,12,9,17,36,52,-16,45,1.18,36.5,49.5,-13.0,-0.34,237,"Rúben Neves, Pedro Neto - 5",2021
73,14,Crystal Palace,38,12,8,18,41,66,-25,44,1.16,34.1,58.2,-24.2,-0.64,447,Wilfried Zaha - 11,2021
74,15,Southampton,38,12,7,19,47,68,-21,43,1.13,41.2,53.1,-11.8,-0.31,526,Danny Ings - 12,2021
75,16,Brighton,38,9,14,15,40,46,-6,41,1.08,50.9,35.3,15.6,0.41,523,Neal Maupay - 8,2021
76,17,Burnley,38,10,9,19,33,55,-22,39,1.03,39.3,54.7,-15.4,-0.4,178,Chris Wood - 12,2021
77,18,Fulham,38,5,13,20,27,53,-26,28,0.74,40.5,52.6,-12.1,-0.32,211,Bobby Reid - 5,2021
78,19,West Brom,38,5,11,22,35,76,-41,26,0.68,35.8,67.9,-32.0,-0.84,283,Matheus Pereira - 11,2021
79,20,Sheffield Utd,38,7,2,29,20,63,-43,23,0.61,32.6,62.2,-29.6,-0.78,263,David McGoldrick - 8,2021
80,1,Liverpool,38,32,3,3,85,33,52,99,2.61,68.9,37.7,31.2,0.82,41955,Mohamed Salah - 19,2020
81,2,Manchester City,38,26,3,9,102,35,67,81,2.13,92.0,36.2,55.7,1.47,37097,Raheem Sterling - 20,2020
82,3,Manchester Utd,38,18,12,8,66,36,30,66,1.74,62.2,37.7,24.5,0.64,57415,"Anthony Martial, Marcus Rashford - 17",2020
83,4,Chelsea,38,20,6,12,69,54,15,66,1.74,69.2,38.6,30.6,0.81,32023,Tammy Abraham - 15,2020
84,5,Leicester City,38,18,8,12,67,41,26,62,1.63,62.2,45.5,16.7,0.44,25312,Jamie Vardy - 23,2020
85,6,Tottenham,38,16,11,11,61,47,14,59,1.55,47.9,54.2,-6.3,-0.17,43757,Harry Kane - 18,2020
86,7,Wolves,38,15,14,9,51,40,11,59,1.55,54.1,38.0,16.1,0.42,24758,Raúl Jiménez - 17,2020
87,8,Arsenal,38,14,14,10,56,48,8,56,1.47,47.0,55.3,-8.3,-0.22,47589,Pierre-Emerick Aubameyang - 22,2020
88,9,Sheffield Utd,38,14,12,12,39,39,0,54,1.42,43.0,51.0,-7.9,-0.21,24370,"Lys Mousset, Oliver McBurnie - 6",2020
89,10,Burnley,38,15,9,14,43,50,-7,54,1.42,47.4,49.8,-2.4,-0.06,15995,Chris Wood - 14,2020
90,11,Southampton,38,15,7,16,51,60,-9,52,1.37,56.1,52.8,3.3,0.09,23428,Danny Ings - 22,2020
91,12,Everton,38,13,10,15,44,56,-12,49,1.29,50.8,48.3,2.5,0.07,28848,"Dominic Calvert-Lewin, Richarlison - 13",2020
92,13,Newcastle Utd,38,11,11,16,38,58,-20,44,1.16,35.5,65.6,-30.1,-0.79,35551,Jonjo Shelvey - 6,2020
93,14,Crystal Palace,38,11,10,17,31,50,-19,43,1.13,35.8,57.0,-21.2,-0.56,19784,Jordan Ayew - 9,2020
94,15,Brighton,38,9,14,15,39,54,-15,41,1.08,45.4,55.0,-9.5,-0.25,22369,Neal Maupay - 10,2020
95,16,West Ham,38,10,9,19,49,62,-13,39,1.03,48.6,63.8,-15.2,-0.4,44155,Michail Antonio - 10,2020
96,17,Aston Villa,38,9,8,21,41,67,-26,35,0.92,44.3,67.8,-23.5,-0.62,28505,Jack Grealish - 8,2020
97,18,Bournemouth,38,9,7,22,40,65,-25,34,0.89,44.8,62.3,-17.5,-0.46,7745,Callum Wilson - 8,2020
98,19,Watford,38,8,10,20,36,64,-28,34,0.89,48.9,58.1,-9.3,-0.24,15353,Troy Deeney - 10,2020
99,20,Norwich City,38,5,6,27,26,75,-49,21,0.55,37.0,66.5,-29.5,-0.78,19913,Teemu Pukki - 11,2020
100,1,Manchester City,38,32,2,4,95,23,72,98,2.58,84.3,24.7,59.6,1.57,54130,Sergio Agüero - 21,2019
101,2,Liverpool,38,30,7,1,89,22,67,97,2.55,73.7,28.8,44.9,1.18,52983,"Sadio Mané, Mohamed Salah - 22",2019
102,3,Chelsea,38,21,9,8,63,39,24,72,1.89,58.6,36.4,22.2,0.58,40437,Eden Hazard - 16,2019
103,4,Tottenham,38,23,2,13,67,39,28,71,1.87,54.9,47.1,7.8,0.2,54216,Harry Kane - 17,2019
104,5,Arsenal,38,21,7,10,73,51,22,70,1.84,60.1,54.2,5.9,0.15,59899,Pierre-Emerick Aubameyang - 22,2019
105,6,Manchester Utd,38,19,9,10,65,54,11,66,1.74,61.4,50.6,10.8,0.29,74498,Paul Pogba - 13,2019
106,7,Wolves,38,16,9,13,47,46,1,57,1.5,52.1,42.1,10.1,0.26,31030,Raúl Jiménez - 13,2019
107,8,Everton,38,15,9,14,54,46,8,54,1.42,49.7,45.7,4.0,0.1,39043,"Gylfi Sigurðsson, Richarlison - 13",2019
108,9,Leicester City,38,15,7,16,51,48,3,52,1.37,52.4,43.7,8.7,0.23,31851,Jamie Vardy - 18,2019
109,10,West Ham,38,15,7,16,52,55,-3,52,1.37,47.6,61.9,-14.3,-0.38,58336,Marko Arnautović - 10,2019
110,11,Watford,38,14,8,16,52,59,-7,50,1.32,48.2,59.2,-11.0,-0.29,20016,Gerard Deulofeu - 10,2019
111,12,Crystal Palace,38,14,7,17,51,53,-2,49,1.29,47.6,50.1,-2.5,-0.07,25455,Luka Milivojević - 12,2019
112,13,Newcastle Utd,38,12,9,17,42,48,-6,45,1.18,39.1,53.6,-14.5,-0.38,51121,Ayoze Pérez - 12,2019
113,14,Bournemouth,38,13,6,19,56,70,-14,45,1.18,53.3,57.2,-3.9,-0.1,10532,Callum Wilson - 14,2019
114,15,Burnley,38,11,7,20,45,68,-23,40,1.05,44.4,62.1,-17.7,-0.47,20534,Ashley Barnes - 12,2019
115,16,Southampton,38,9,12,17,45,65,-20,39,1.03,46.9,55.1,-8.2,-0.22,30139,"Danny Ings, James Ward-Prowse - 7",2019
116,17,Brighton,38,9,9,20,35,60,-25,36,0.95,35.3,59.1,-23.8,-0.63,30426,Glenn Murray - 13,2019
117,18,Cardiff City,38,10,4,24,34,69,-35,34,0.89,42.4,61.5,-19.1,-0.5,31408,"Bobby Reid, Víctor Camarasa - 5",2019
118,19,Fulham,38,7,5,26,34,81,-47,26,0.68,41.3,68.2,-26.8,-0.71,24371,Aleksandar Mitrović - 11,2019
119,20,Huddersfield,38,3,7,28,22,76,-54,16,0.42,28.8,60.9,-32.2,-0.85,23203,Karlan Grant - 4,2019
120,1,Manchester City,38,32,4,2,106,27,79,100,2.63,78.6,23.8,54.8,1.44,54070,Sergio Agüero - 21,2018
121,2,Manchester Utd,38,25,6,7,68,28,40,81,2.13,55.7,40.7,15.0,0.4,74976,Romelu Lukaku - 16,2018
122,3,Tottenham,38,23,8,7,74,36,38,77,2.03,64.7,33.9,30.8,0.81,67953,Harry Kane - 30,2018
123,4,Liverpool,38,21,12,5,84,38,46,75,1.97,72.9,33.8,39.1,1.03,53049,Mohamed Salah - 32,2018
124,5,Chelsea,38,21,7,10,62,38,24,70,1.84,54.4,33.8,20.6,0.54,41282,Eden Hazard - 12,2018
125,6,Arsenal,38,19,6,13,74,51,23,63,1.66,68.3,47.8,20.5,0.54,59323,Alexandre Lacazette - 14,2018
126,7,Burnley,38,14,12,12,36,39,-3,54,1.42,32.3,51.2,-18.9,-0.5,20688,Chris Wood - 10,2018
127,8,Everton,38,13,10,15,44,58,-14,49,1.29,40.5,52.4,-11.9,-0.31,38797,Wayne Rooney - 10,2018
128,9,Leicester City,38,12,11,15,56,60,-4,47,1.24,50.0,48.1,1.9,0.05,31583,Jamie Vardy - 20,2018
129,10,Newcastle Utd,38,12,8,18,39,47,-8,44,1.16,41.6,52.4,-10.8,-0.28,51992,Ayoze Pérez - 8,2018
130,11,Crystal Palace,38,11,11,16,45,55,-10,44,1.16,53.5,48.2,5.2,0.14,25063,Luka Milivojević - 10,2018
131,12,Bournemouth,38,11,11,16,45,61,-16,44,1.16,38.8,59.2,-20.4,-0.54,10641,"Joshua King, Callum Wilson - 8",2018
132,13,West Ham,38,10,12,16,48,68,-20,42,1.11,36.7,55.1,-18.4,-0.48,56885,Marko Arnautović - 11,2018
133,14,Watford,38,11,8,19,44,64,-20,41,1.08,45.0,51.8,-6.8,-0.18,20231,Abdoulaye Doucouré - 7,2018
134,15,Brighton,38,9,13,16,34,54,-20,40,1.05,37.0,50.8,-13.8,-0.36,30403,Glenn Murray - 12,2018
135,16,Huddersfield,38,9,10,19,28,58,-30,37,0.97,31.3,48.5,-17.2,-0.45,24040,Steve Mounié - 7,2018
136,17,Southampton,38,7,15,16,37,56,-19,36,0.95,39.9,45.2,-5.3,-0.14,30794,Charlie Austin - 7,2018
137,18,Swansea City,38,8,9,21,28,56,-28,33,0.87,31.6,58.6,-27.0,-0.71,20623,Jordan Ayew - 7,2018
138,19,Stoke City,38,7,12,19,35,68,-33,33,0.87,36.5,62.5,-26.0,-0.69,29280,Xherdan Shaqiri - 8,2018
139,20,West Brom,38,6,13,19,31,56,-25,31,0.82,36.5,47.9,-11.4,-0.3,24520,"Jay Rodriguez, Salomón Rondón - 7",2018
140,1,Chelsea,38,30,3,5,85,33,52,93,2.45,,,,,41508,Diego Costa - 20,2017
141,2,Tottenham,38,26,8,4,86,26,60,86,2.26,,,,,31639,Harry Kane - 29,2017
142,3,Manchester City,38,23,9,6,80,39,41,78,2.05,,,,,54019,Sergio Agüero - 20,2017
143,4,Liverpool,38,22,10,6,78,42,36,76,2.0,,,,,53016,"Philippe Coutinho, Sadio Mané - 13",2017
144,5,Arsenal,38,23,6,9,77,44,33,75,1.97,,,,,59957,Alexis Sánchez - 24,2017
145,6,Manchester Utd,38,18,15,5,54,29,25,69,1.82,,,,,75290,Zlatan Ibrahimović - 17,2017
146,7,Everton,38,17,10,11,62,44,18,61,1.61,,,,,39047,Romelu Lukaku - 25,2017
147,8,Southampton,38,12,10,16,41,48,-7,46,1.21,,,,,30936,Nathan Redmond - 7,2017
148,9,Bournemouth,38,12,10,16,55,67,-12,46,1.21,,,,,11182,Joshua King - 16,2017
149,10,West Brom,38,12,9,17,43,51,-8,45,1.18,,,,,23876,Salomón Rondón - 8,2017
150,11,West Ham,38,12,9,17,47,64,-17,45,1.18,,,,,56972,Michail Antonio - 9,2017
151,12,Leicester City,38,12,8,18,48,63,-15,44,1.16,,,,,31893,Jamie Vardy - 13,2017
152,13,Stoke City,38,11,11,16,41,56,-15,44,1.16,,,,,27433,Peter Crouch - 7,2017
153,14,Crystal Palace,38,12,5,21,50,63,-13,41,1.08,,,,,25161,Christian Benteke - 15,2017
154,15,Swansea City,38,12,5,21,45,70,-25,41,1.08,,,,,20619,Fernando Llorente - 15,2017
155,16,Burnley,38,11,7,20,39,55,-16,40,1.05,,,,,20558,Sam Vokes - 10,2017
156,17,Watford,38,11,7,20,40,68,-28,40,1.05,,,,,20571,Troy Deeney - 10,2017
157,18,Hull City,38,9,7,22,37,80,-43,34,0.89,,,,,20761,Robert Snodgrass - 7,2017
158,19,Middlesbrough,38,5,13,20,27,53,-26,28,0.74,,,,,30449,Álvaro Negredo - 9,2017
159,20,Sunderland,38,6,6,26,29,69,-40,24,0.63,,,,,41287,Jermain Defoe - 15,2017
160,1,Leicester City,38,23,12,3,68,36,32,81,2.13,,,,,31998,Jamie Vardy - 24,2016
161,2,Arsenal,38,20,11,7,65,36,29,71,1.87,,,,,59944,Olivier Giroud - 16,2016
162,3,Tottenham,38,19,13,6,69,35,34,70,1.84,,,,,35776,Harry Kane - 25,2016
163,4,Manchester City,38,19,9,10,71,41,30,66,1.74,,,,,54041,Sergio Agüero - 24,2016
164,5,Manchester Utd,38,19,9,10,49,35,14,66,1.74,,,,,75286,Anthony Martial - 11,2016
165,6,Southampton,38,18,9,11,59,41,18,63,1.66,,,,,30751,"Sadio Mané, Graziano Pellè - 11",2016
166,7,West Ham,38,16,14,8,65,51,14,62,1.63,,,,,34910,"Dimitri Payet, Andy Carroll - 9",2016
167,8,Liverpool,38,16,12,10,63,50,13,60,1.58,,,,,43910,Roberto Firmino - 10,2016
168,9,Stoke City,38,14,9,15,41,55,-14,51,1.34,,,,,27534,Marko Arnautović - 11,2016
169,10,Chelsea,38,12,14,12,59,53,6,50,1.32,,,,,41500,Diego Costa - 12,2016
170,11,Everton,38,11,14,13,59,55,4,47,1.24,,,,,38124,Romelu Lukaku - 18,2016
171,12,Swansea City,38,12,11,15,42,52,-10,47,1.24,,,,,20711,André Ayew - 12,2016
172,13,Watford,38,12,9,17,40,50,-10,45,1.18,,,,,20594,Odion Ighalo - 15,2016
173,14,West Brom,38,10,13,15,34,48,-14,43,1.13,,,,,24631,Salomón Rondón - 9,2016
174,15,Crystal Palace,38,11,9,18,39,51,-12,42,1.11,,,,,24825,"Scott Dann, Yohan Cabaye... - 5",2016
175,16,Bournemouth,38,11,9,18,45,67,-22,42,1.11,,,,,11189,Joshua King - 6,2016
176,17,Sunderland,38,9,12,17,48,62,-14,39,1.03,,,,,43071,Jermain Defoe - 15,2016
177,18,Newcastle Utd,38,9,10,19,44,65,-21,37,0.97,,,,,49754,Georginio Wijnaldum - 11,2016
178,19,Norwich City,38,9,7,22,39,67,-28,34,0.89,,,,,26972,Dieumerci Mbokani - 7,2016
179,20,Aston Villa,38,3,8,27,27,76,-49,17,0.45,,,,,33690,Jordan Ayew - 7,2016
180,1,Chelsea,38,26,9,3,73,32,41,87,2.29,,,,,41546,Diego Costa - 20,2015
181,2,Manchester City,38,24,7,7,83,38,45,79,2.08,,,,,45365,Sergio Agüero - 26,2015
182,3,Arsenal,38,22,9,7,71,36,35,75,1.97,,,,,59992,Alexis Sánchez - 16,2015
183,4,Manchester Utd,38,20,10,8,62,37,25,70,1.84,,,,,75335,Wayne Rooney - 12,2015
184,5,Tottenham,38,19,7,12,58,53,5,64,1.68,,,,,35728,Harry Kane - 21,2015
185,6,Liverpool,38,18,8,12,52,48,4,62,1.63,,,,,44659,Steven Gerrard - 9,2015
186,7,Southampton,38,18,6,14,54,33,21,60,1.58,,,,,30741,Graziano Pellè - 12,2015
187,8,Swansea City,38,16,8,14,46,49,-3,56,1.47,,,,,20555,Wilfried Bony - 9,2015
188,9,Stoke City,38,15,9,14,48,45,3,54,1.42,,,,,27081,Mame Biram Diouf - 11,2015
189,10,Crystal Palace,38,13,9,16,47,51,-4,48,1.26,,,,,24421,Glenn Murray - 7,2015
190,11,Everton,38,12,11,15,48,50,-2,47,1.24,,,,,37406,Romelu Lukaku - 10,2015
191,12,West Ham,38,12,11,15,44,47,-3,47,1.24,,,,,34846,Diafra Sakho - 10,2015
192,13,West Brom,38,11,11,16,38,51,-13,44,1.16,,,,,25064,Saido Berahino - 14,2015
193,14,Leicester City,38,11,8,19,46,55,-9,41,1.08,,,,,31693,Leonardo Ulloa - 11,2015
194,15,Newcastle Utd,38,10,9,19,40,63,-23,39,1.03,,,,,50359,Papiss Cissé - 11,2015
195,16,Sunderland,38,7,17,14,31,53,-22,38,1.0,,,,,43157,"Steven Fletcher, Connor Wickham - 5",2015
196,17,Aston Villa,38,10,8,20,31,57,-26,38,1.0,,,,,34133,Christian Benteke - 13,2015
197,18,Hull City,38,8,11,19,33,51,-18,35,0.92,,,,,23557,Nikica Jelavić - 8,2015
198,19,Burnley,38,7,12,19,28,53,-25,33,0.87,,,,,19131,Danny Ings - 11,2015
199,20,QPR,38,8,6,24,42,73,-31,30,0.79,,,,,17809,Charlie Austin - 18,2015
200,1,Manchester City,38,27,5,6,102,37,65,86,2.26,,,,,47075,Yaya Touré - 20,2014
201,2,Liverpool,38,26,6,6,101,50,51,84,2.21,,,,,44671,Luis Suárez - 31,2014
202,3,Chelsea,38,25,7,6,71,27,44,82,2.16,,,,,41482,Eden Hazard - 14,2014
203,4,Arsenal,38,24,7,7,68,41,27,79,2.08,,,,,60013,Olivier Giroud - 16,2014
204,5,Everton,38,21,9,8,61,39,22,72,1.89,,,,,37732,Romelu Lukaku - 15,2014
205,6,Tottenham,38,21,6,11,55,51,4,69,1.82,,,,,35808,Emmanuel Adebayor - 11,2014
206,7,Manchester Utd,38,19,7,12,64,43,21,64,1.68,,,,,75207,Wayne Rooney - 17,2014
207,8,Southampton,38,15,11,12,54,46,8,56,1.47,,,,,30212,Jay Rodriguez - 15,2014
208,9,Stoke City,38,13,11,14,45,52,-7,50,1.32,,,,,26137,Charlie Adam - 8,2014
209,10,Newcastle Utd,38,15,4,19,43,59,-16,49,1.29,,,,,50395,Loïc Rémy - 14,2014
210,11,Crystal Palace,38,13,6,19,33,48,-15,45,1.18,,,,,24375,"Dwight Gayle, Jason Puncheon - 7",2014
211,12,Swansea City,38,11,9,18,54,54,0,42,1.11,,,,,20407,Wilfried Bony - 16,2014
212,13,West Ham,38,11,7,20,40,51,-11,40,1.05,,,,,34197,Kevin Nolan - 7,2014
213,14,Sunderland,38,10,8,20,41,60,-19,38,1.0,,,,,41090,Adam Johnson - 8,2014
214,15,Aston Villa,38,10,8,20,39,61,-22,38,1.0,,,,,36081,Christian Benteke - 10,2014
215,16,Hull City,38,10,7,21,38,53,-15,37,0.97,,,,,24117,Nikica Jelavić - 5,2014
216,17,West Brom,38,7,15,16,43,59,-16,36,0.95,,,,,25194,"Saido Berahino, Stéphane Sessègnon - 5",2014
217,18,Norwich City,38,8,9,21,28,62,-34,33,0.87,,,,,26805,"Gary Hooper, Robert Snodgrass - 6",2014
218,19,Fulham,38,9,5,24,40,85,-45,32,0.84,,,,,24977,Steve Sidwell - 7,2014
219,20,Cardiff City,38,7,9,22,32,74,-42,30,0.79,,,,,27430,Jordon Mutch - 7,2014
220,1,Manchester Utd,38,28,5,5,86,43,43,89,2.34,,,,,75530,Robin van Persie - 26,2013
221,2,Manchester City,38,23,9,6,66,34,32,78,2.05,,,,,46974,Edin Džeko - 14,2013
222,3,Chelsea,38,22,9,7,75,39,36,75,1.97,,,,,41462,Frank Lampard - 15,2013
223,4,Arsenal,38,21,10,7,72,37,35,73,1.92,,,,,60079,Theo Walcott - 14,2013
224,5,Tottenham,38,21,9,8,66,46,20,72,1.89,,,,,36066,Gareth Bale - 21,2013
225,6,Everton,38,16,15,7,55,40,15,63,1.66,,,,,36356,Marouane Fellaini - 11,2013
226,7,Liverpool,38,16,13,9,71,43,28,61,1.61,,,,,44749,Luis Suárez - 23,2013
227,8,West Brom,38,14,7,17,53,57,-4,49,1.29,,,,,25202,Romelu Lukaku - 17,2013
228,9,Swansea City,38,11,13,14,47,51,-4,46,1.21,,,,,20476,Michu - 18,2013
229,10,West Ham,38,12,10,16,45,53,-8,46,1.21,,,,,34717,Kevin Nolan - 10,2013
230,11,Norwich City,38,10,14,14,41,58,-17,44,1.16,,,,,26672,Grant Holt - 8,2013
231,12,Fulham,38,11,10,17,50,60,-10,43,1.13,,,,,25423,Dimitar Berbatov - 15,2013
232,13,Stoke City,38,9,15,14,34,45,-11,42,1.11,,,,,26722,Jonathan Walters - 8,2013
233,14,Southampton,38,9,14,15,49,60,-11,41,1.08,,,,,30855,Rickie Lambert - 15,2013
234,15,Aston Villa,38,10,11,17,47,69,-22,41,1.08,,,,,35060,Christian Benteke - 19,2013
235,16,Newcastle Utd,38,11,8,19,45,68,-23,41,1.08,,,,,50517,Demba Ba - 13,2013
236,17,Sunderland,38,9,12,17,41,54,-13,39,1.03,,,,,40563,Steven Fletcher - 11,2013
237,18,Wigan Athletic,38,9,9,20,47,73,-26,36,0.95,,,,,19359,Arouna Koné - 11,2013
238,19,Reading,38,6,10,22,43,73,-30,28,0.74,,,,,23862,Adam le Fondre - 12,2013
239,20,QPR,38,4,13,21,30,60,-30,25,0.66,,,,,17779,Loïc Rémy - 6,2013
240,1,Manchester City,38,28,5,5,93,29,64,89,2.34,,,,,47045,Sergio Agüero - 23,2012
241,2,Manchester Utd,38,28,5,5,89,33,56,89,2.34,,,,,75387,Wayne Rooney - 27,2012
242,3,Arsenal,38,21,7,10,74,49,25,70,1.84,,,,,60000,Robin van Persie - 30,2012
243,4,Tottenham,38,20,9,9,66,41,25,69,1.82,,,,,36036,Emmanuel Adebayor - 17,2012
244,5,Newcastle Utd,38,19,8,11,56,51,5,65,1.71,,,,,49951,Demba Ba - 16,2012
245,6,Chelsea,38,18,10,10,65,46,19,64,1.68,,,,,41484,"Frank Lampard, Daniel Sturridge - 11",2012
246,7,Everton,38,15,11,12,50,40,10,56,1.47,,,,,33228,Nikica Jelavić - 9,2012
247,8,Liverpool,38,14,10,14,47,40,7,52,1.37,,,,,44253,Luis Suárez - 11,2012
248,9,Fulham,38,14,10,14,48,51,-3,52,1.37,,,,,25399,Clint Dempsey - 17,2012
249,10,West Brom,38,13,8,17,45,52,-7,47,1.24,,,,,24770,Peter Odemwingie - 10,2012
250,11,Swansea City,38,12,11,15,44,51,-7,47,1.24,,,,,19946,Danny Graham - 12,2012
251,12,Norwich City,38,12,11,15,52,66,-14,47,1.24,,,,,26606,Grant Holt - 15,2012
252,13,Sunderland,38,11,12,15,45,46,-1,45,1.18,,,,,39047,Nicklas Bendtner - 8,2012
253,14,Stoke City,38,11,12,15,36,53,-17,45,1.18,,,,,27226,Peter Crouch - 10,2012
254,15,Wigan Athletic,38,11,10,17,42,62,-20,43,1.13,,,,,18634,Franco Di Santo - 7,2012
255,16,Aston Villa,38,7,17,14,37,53,-16,38,1.0,,,,,33883,Darren Bent - 9,2012
256,17,QPR,38,10,7,21,43,66,-23,37,0.97,,,,,17295,Heiðar Helguson - 8,2012
257,18,Bolton,38,10,6,22,46,77,-31,36,0.95,,,,,23670,Ivan Klasnić - 8,2012
258,19,Blackburn,38,8,7,23,48,78,-30,31,0.82,,,,,22551,Yakubu Aiyegbeni - 17,2012
259,20,Wolves,38,5,10,23,40,82,-42,25,0.66,,,,,25677,Steven Fletcher - 12,2012
260,1,Manchester Utd,38,23,11,4,78,37,41,80,2.11,,,,,75109,Dimitar Berbatov - 20,2011
261,2,Chelsea,38,21,8,9,69,33,36,71,1.87,,,,,41435,Florent Malouda - 13,2011
262,3,Manchester City,38,21,8,9,60,33,27,71,1.87,,,,,45905,Carlos Tevez - 20,2011
263,4,Arsenal,38,19,11,8,72,43,29,68,1.79,,,,,60025,Robin van Persie - 18,2011
264,5,Tottenham,38,16,14,8,55,46,9,62,1.63,,,,,35704,Rafael van der Vaart - 13,2011
265,6,Liverpool,38,17,7,14,59,44,15,58,1.53,,,,,42820,Dirk Kuyt - 13,2011
266,7,Everton,38,13,15,10,51,45,6,54,1.42,,,,,36039,Tim Cahill - 9,2011
267,8,Fulham,38,11,16,11,49,43,6,49,1.29,,,,,25043,Clint Dempsey - 12,2011
268,9,Aston Villa,38,12,12,14,48,59,-11,48,1.26,,,,,37194,Darren Bent - 9,2011
269,10,Sunderland,38,12,11,15,45,56,-11,47,1.24,,,,,40011,Asamoah Gyan - 10,2011
270,11,West Brom,38,12,11,15,56,71,-15,47,1.24,,,,,24683,Peter Odemwingie - 15,2011
271,12,Newcastle Utd,38,11,13,14,56,57,-1,46,1.21,,,,,47718,Kevin Nolan - 12,2011
272,13,Stoke City,38,13,7,18,46,48,-2,46,1.21,,,,,26858,Kenwyne Jones - 9,2011
273,14,Bolton,38,12,10,16,52,56,-4,46,1.21,,,,,22870,Johan Elmander - 10,2011
274,15,Blackburn,38,11,10,17,46,59,-13,43,1.13,,,,,25000,"Nikola Kalinić, Junior Hoilett... - 5",2011
275,16,Wigan Athletic,38,9,15,14,40,61,-21,42,1.11,,,,,16812,"Charles N'Zogbia, Hugo Rodallega - 9",2011
276,17,Wolves,38,11,7,20,46,66,-20,40,1.05,,,,,27925,Steven Fletcher - 10,2011
277,18,Birmingham City,38,8,15,15,37,58,-21,39,1.03,,,,,25462,Craig Gardner - 8,2011
278,19,Blackpool,38,10,9,19,55,78,-23,39,1.03,,,,,15775,DJ Campbell - 13,2011
279,20,West Ham,38,7,12,19,43,70,-27,33,0.87,,,,,33492,Demba Ba - 7,2011
280,1,Chelsea,38,27,5,6,103,32,71,86,2.26,,,,,41423,Didier Drogba - 29,2010
281,2,Manchester Utd,38,27,4,7,86,28,58,85,2.24,,,,,74864,Wayne Rooney - 26,2010
282,3,Arsenal,38,23,6,9,83,41,42,75,1.97,,,,,59927,Cesc Fàbregas - 15,2010
283,4,Tottenham,38,21,7,10,67,41,26,70,1.84,,,,,35794,Jermain Defoe - 18,2010
284,5,Manchester City,38,18,13,7,73,45,28,67,1.76,,,,,45470,Carlos Tevez - 23,2010
285,6,Aston Villa,38,17,13,8,52,39,13,64,1.68,,,,,38573,Gabriel Agbonlahor - 13,2010
286,7,Liverpool,38,18,9,11,61,35,26,63,1.66,,,,,42864,Fernando Torres - 18,2010
287,8,Everton,38,16,13,9,60,49,11,61,1.61,,,,,36725,Louis Saha - 13,2010
288,9,Birmingham City,38,13,11,14,38,47,-9,50,1.32,,,,,25246,Cameron Jerome - 10,2010
289,10,Blackburn,38,13,11,14,41,55,-14,50,1.32,,,,,25428,David Dunn - 9,2010
290,11,Stoke City,38,11,14,13,34,48,-14,47,1.24,,,,,27162,Matthew Etherington - 5,2010
291,12,Fulham,38,12,10,16,39,46,-7,46,1.21,,,,,23909,Bobby Zamora - 8,2010
292,13,Sunderland,38,11,11,16,48,56,-8,44,1.16,,,,,38337,Darren Bent - 24,2010
293,14,Bolton,38,10,9,19,42,67,-25,39,1.03,,,,,22200,"Ivan Klasnić, Matthew Taylor - 8",2010
294,15,Wolves,38,9,11,18,32,56,-24,38,1.0,,,,,28366,Kevin Doyle - 9,2010
295,16,Wigan Athletic,38,9,9,20,37,79,-42,36,0.95,,,,,18006,Hugo Rodallega - 10,2010
296,17,West Ham,38,8,11,19,47,66,-19,35,0.92,,,,,33683,Carlton Cole - 10,2010
297,18,Burnley,38,8,6,24,42,82,-40,30,0.79,,,,,20654,Steven Fletcher - 8,2010
298,19,Hull City,38,6,12,20,34,75,-41,30,0.79,,,,,24390,Stephen Hunt - 6,2010
299,20,Portsmouth,38,7,7,24,34,66,-32,19,0.5,,,,,18249,Aruna Dindane - 8,2010
